image,label
img021-019.png,K
img001-043.png,0
img011-037.png,A
img058-023.png,v
img004-012.png,3
img013-012.png,C
img010-035.png,9
img047-040.png,k
img058-001.png,v
img016-027.png,F
img002-017.png,1
img028-050.png,R
img052-031.png,p
img061-016.png,y
img014-015.png,D
img046-026.png,j
img040-004.png,d
img057-025.png,u
img032-050.png,V
img044-036.png,h
img049-024.png,m
img021-020.png,K
img024-033.png,N
img057-014.png,u
img014-011.png,D
img021-040.png,K
img044-020.png,h
img019-044.png,I
img026-044.png,P
img007-033.png,6
img043-050.png,g
img048-011.png,l
img035-052.png,Y
img005-005.png,4
img047-016.png,k
img061-042.png,y
img051-002.png,o
img004-042.png,3
img050-045.png,n
img002-020.png,1
img006-033.png,5
img032-032.png,V
img018-053.png,H
img023-010.png,M
img022-002.png,L
img024-028.png,N
img037-033.png,a
img022-041.png,L
img004-026.png,3
img012-051.png,B
img026-012.png,P
img026-041.png,P
img056-019.png,t
img019-022.png,I
img028-012.png,R
img016-025.png,F
img056-029.png,t
img034-023.png,X
img061-050.png,y
img017-030.png,G
img061-003.png,y
img032-004.png,V
img028-051.png,R
img018-049.png,H
img004-038.png,3
img059-023.png,w
img062-019.png,z
img018-044.png,H
img016-037.png,F
img044-012.png,h
img047-025.png,k
img011-035.png,A
img013-048.png,C
img061-014.png,y
img062-007.png,z
img004-030.png,3
img021-038.png,K
img027-041.png,Q
img021-022.png,K
img039-052.png,c
img057-042.png,u
img019-041.png,I
img019-021.png,I
img027-030.png,Q
img039-025.png,c
img051-012.png,o
img030-018.png,T
img013-008.png,C
img040-055.png,d
img061-051.png,y
img045-025.png,i
img003-003.png,2
img036-037.png,Z
img059-009.png,w
img036-017.png,Z
img037-039.png,a
img028-026.png,R
img029-019.png,S
img047-032.png,k
img030-005.png,T
img038-012.png,b
img061-019.png,y
img041-020.png,e
img059-032.png,w
img047-035.png,k
img058-029.png,v
img058-030.png,v
img056-020.png,t
img030-003.png,T
img003-006.png,2
img034-012.png,X
img011-028.png,A
img021-045.png,K
img030-007.png,T
img025-014.png,O
img017-050.png,G
img022-007.png,L
img040-020.png,d
img056-039.png,t
img017-014.png,G
img042-036.png,f
img045-026.png,i
img052-008.png,p
img005-052.png,4
img016-049.png,F
img036-020.png,Z
img018-035.png,H
img054-007.png,r
img046-028.png,j
img052-007.png,p
img010-039.png,9
img037-020.png,a
img015-006.png,E
img053-055.png,q
img009-016.png,8
img027-032.png,Q
img042-049.png,f
img023-027.png,M
img007-024.png,6
img007-020.png,6
img008-024.png,7
img050-041.png,n
img041-014.png,e
img062-024.png,z
img037-044.png,a
img009-053.png,8
img039-007.png,c
img034-046.png,X
img040-017.png,d
img001-004.png,0
img041-053.png,e
img047-013.png,k
img005-015.png,4
img020-028.png,J
img006-035.png,5
img003-051.png,2
img015-032.png,E
img011-023.png,A
img006-013.png,5
img008-031.png,7
img055-026.png,s
img033-023.png,W
img009-050.png,8
img040-008.png,d
img008-004.png,7
img007-023.png,6
img040-048.png,d
img048-001.png,l
img009-041.png,8
img008-019.png,7
img055-005.png,s
img051-052.png,o
img047-038.png,k
img036-005.png,Z
img031-048.png,U
img048-042.png,l
img030-051.png,T
img029-050.png,S
img002-001.png,1
img010-043.png,9
img002-010.png,1
img013-007.png,C
img016-051.png,F
img058-047.png,v
img043-002.png,g
img047-048.png,k
img023-025.png,M
img016-026.png,F
img041-001.png,e
img013-026.png,C
img055-002.png,s
img026-031.png,P
img055-022.png,s
img056-036.png,t
img038-033.png,b
img051-022.png,o
img047-052.png,k
img019-028.png,I
img013-002.png,C
img036-019.png,Z
img062-027.png,z
img027-052.png,Q
img002-007.png,1
img007-041.png,6
img031-021.png,U
img006-032.png,5
img055-036.png,s
img047-001.png,k
img020-039.png,J
img007-032.png,6
img049-044.png,m
img014-044.png,D
img003-042.png,2
img053-040.png,q
img045-003.png,i
img021-013.png,K
img052-028.png,p
img032-049.png,V
img025-055.png,O
img003-034.png,2
img014-016.png,D
img027-037.png,Q
img043-027.png,g
img022-046.png,L
img005-024.png,4
img018-048.png,H
img043-003.png,g
img043-038.png,g
img006-008.png,5
img022-050.png,L
img050-001.png,n
img033-030.png,W
img009-011.png,8
img062-023.png,z
img039-018.png,c
img001-027.png,0
img007-030.png,6
img032-021.png,V
img037-052.png,a
img023-004.png,M
img049-047.png,m
img010-005.png,9
img054-020.png,r
img042-003.png,f
img033-006.png,W
img002-026.png,1
img033-031.png,W
img024-036.png,N
img021-029.png,K
img042-055.png,f
img062-028.png,z
img034-049.png,X
img011-034.png,A
img044-010.png,h
img061-034.png,y
img035-007.png,Y
img021-024.png,K
img048-013.png,l
img018-017.png,H
img001-011.png,0
img005-034.png,4
img004-007.png,3
img022-037.png,L
img020-052.png,J
img033-005.png,W
img061-010.png,y
img053-015.png,q
img052-038.png,p
img041-022.png,e
img028-039.png,R
img023-054.png,M
img027-015.png,Q
img012-025.png,B
img057-013.png,u
img052-026.png,p
img025-052.png,O
img006-048.png,5
img006-038.png,5
img020-009.png,J
img042-001.png,f
img030-025.png,T
img013-044.png,C
img016-042.png,F
img011-017.png,A
img038-002.png,b
img031-049.png,U
img058-041.png,v
img058-053.png,v
img013-022.png,C
img001-016.png,0
img018-013.png,H
img055-016.png,s
img006-055.png,5
img022-021.png,L
img045-011.png,i
img039-035.png,c
img041-030.png,e
img035-045.png,Y
img013-016.png,C
img032-024.png,V
img011-043.png,A
img001-022.png,0
img050-049.png,n
img047-050.png,k
img004-019.png,3
img023-041.png,M
img015-026.png,E
img029-017.png,S
img044-017.png,h
img024-040.png,N
img043-037.png,g
img010-006.png,9
img042-051.png,f
img043-034.png,g
img023-043.png,M
img040-025.png,d
img057-037.png,u
img044-044.png,h
img025-008.png,O
img037-011.png,a
img025-009.png,O
img020-005.png,J
img043-024.png,g
img039-036.png,c
img009-032.png,8
img058-005.png,v
img001-055.png,0
img021-005.png,K
img023-002.png,M
img034-039.png,X
img012-020.png,B
img050-036.png,n
img006-010.png,5
img058-051.png,v
img060-033.png,x
img029-002.png,S
img017-023.png,G
img012-019.png,B
img017-008.png,G
img050-022.png,n
img009-014.png,8
img062-042.png,z
img003-048.png,2
img019-040.png,I
img011-046.png,A
img012-037.png,B
img049-034.png,m
img055-042.png,s
img029-036.png,S
img045-007.png,i
img015-010.png,E
img016-039.png,F
img020-017.png,J
img016-041.png,F
img040-018.png,d
img019-002.png,I
img054-047.png,r
img044-032.png,h
img009-054.png,8
img059-014.png,w
img013-037.png,C
img026-052.png,P
img005-023.png,4
img057-018.png,u
img048-012.png,l
img015-043.png,E
img028-041.png,R
img060-008.png,x
img061-053.png,y
img015-025.png,E
img032-044.png,V
img049-053.png,m
img056-003.png,t
img051-024.png,o
img018-023.png,H
img011-005.png,A
img002-015.png,1
img007-005.png,6
img062-009.png,z
img017-007.png,G
img028-035.png,R
img018-043.png,H
img053-021.png,q
img046-053.png,j
img062-013.png,z
img051-049.png,o
img012-048.png,B
img024-026.png,N
img039-010.png,c
img006-018.png,5
img059-022.png,w
img018-019.png,H
img055-032.png,s
img034-003.png,X
img055-053.png,s
img048-047.png,l
img005-014.png,4
img049-038.png,m
img029-023.png,S
img017-025.png,G
img062-035.png,z
img005-002.png,4
img025-031.png,O
img012-036.png,B
img059-042.png,w
img016-033.png,F
img024-012.png,N
img049-022.png,m
img020-035.png,J
img044-019.png,h
img036-013.png,Z
img017-029.png,G
img031-051.png,U
img035-042.png,Y
img050-013.png,n
img046-018.png,j
img029-039.png,S
img038-020.png,b
img005-054.png,4
img016-017.png,F
img020-008.png,J
img010-044.png,9
img002-036.png,1
img031-050.png,U
img039-023.png,c
img046-034.png,j
img048-020.png,l
img023-036.png,M
img018-009.png,H
img017-053.png,G
img004-047.png,3
img035-027.png,Y
img051-013.png,o
img017-024.png,G
img055-041.png,s
img050-032.png,n
img016-008.png,F
img033-021.png,W
img027-010.png,Q
img021-041.png,K
img027-047.png,Q
img026-040.png,P
img041-019.png,e
img026-001.png,P
img036-007.png,Z
img029-025.png,S
img035-006.png,Y
img007-055.png,6
img017-051.png,G
img004-045.png,3
img045-049.png,i
img028-049.png,R
img002-053.png,1
img033-052.png,W
img019-017.png,I
img023-012.png,M
img053-017.png,q
img011-009.png,A
img051-033.png,o
img003-029.png,2
img057-015.png,u
img058-022.png,v
img020-023.png,J
img007-015.png,6
img051-040.png,o
img057-017.png,u
img028-008.png,R
img019-030.png,I
img006-049.png,5
img043-043.png,g
img054-045.png,r
img004-005.png,3
img014-006.png,D
img049-028.png,m
img058-016.png,v
img010-020.png,9
img054-040.png,r
img004-017.png,3
img043-015.png,g
img008-042.png,7
img001-035.png,0
img041-010.png,e
img060-051.png,x
img033-047.png,W
img053-026.png,q
img048-045.png,l
img006-022.png,5
img018-055.png,H
img056-026.png,t
img016-047.png,F
img012-016.png,B
img053-037.png,q
img013-003.png,C
img008-013.png,7
img037-037.png,a
img032-053.png,V
img031-033.png,U
img018-006.png,H
img062-046.png,z
img003-018.png,2
img004-001.png,3
img023-035.png,M
img003-028.png,2
img026-033.png,P
img023-032.png,M
img007-043.png,6
img014-046.png,D
img021-003.png,K
img047-023.png,k
img013-021.png,C
img055-004.png,s
img004-050.png,3
img006-031.png,5
img018-046.png,H
img052-048.png,p
img052-055.png,p
img060-018.png,x
img009-010.png,8
img008-045.png,7
img030-050.png,T
img055-013.png,s
img019-011.png,I
img024-009.png,N
img015-002.png,E
img033-038.png,W
img008-027.png,7
img012-006.png,B
img017-001.png,G
img046-022.png,j
img002-049.png,1
img055-007.png,s
img029-033.png,S
img060-011.png,x
img036-012.png,Z
img025-005.png,O
img014-005.png,D
img006-027.png,5
img051-026.png,o
img036-040.png,Z
img031-011.png,U
img015-033.png,E
img003-014.png,2
img050-025.png,n
img051-031.png,o
img054-009.png,r
img045-043.png,i
img044-025.png,h
img003-049.png,2
img024-053.png,N
img004-031.png,3
img007-054.png,6
img024-008.png,N
img035-032.png,Y
img028-048.png,R
img062-039.png,z
img017-013.png,G
img058-011.png,v
img044-026.png,h
img062-032.png,z
img010-004.png,9
img008-034.png,7
img005-011.png,4
img042-041.png,f
img020-025.png,J
img059-038.png,w
img017-042.png,G
img058-052.png,v
img052-039.png,p
img045-028.png,i
img039-024.png,c
img025-036.png,O
img057-055.png,u
img024-047.png,N
img049-023.png,m
img048-017.png,l
img030-039.png,T
img040-054.png,d
img009-007.png,8
img032-048.png,V
img043-031.png,g
img035-041.png,Y
img043-028.png,g
img049-037.png,m
img022-048.png,L
img052-005.png,p
img028-053.png,R
img059-031.png,w
img028-054.png,R
img024-054.png,N
img018-036.png,H
img040-047.png,d
img049-009.png,m
img007-006.png,6
img031-044.png,U
img051-032.png,o
img054-032.png,r
img032-009.png,V
img004-009.png,3
img060-042.png,x
img041-009.png,e
img028-030.png,R
img018-042.png,H
img013-039.png,C
img002-027.png,1
img008-010.png,7
img008-005.png,7
img021-009.png,K
img048-026.png,l
img025-001.png,O
img030-030.png,T
img028-055.png,R
img001-045.png,0
img027-013.png,Q
img053-053.png,q
img051-050.png,o
img053-041.png,q
img031-003.png,U
img055-018.png,s
img042-048.png,f
img013-053.png,C
img055-045.png,s
img034-040.png,X
img041-036.png,e
img012-015.png,B
img045-014.png,i
img013-028.png,C
img034-051.png,X
img047-003.png,k
img040-005.png,d
img030-036.png,T
img008-014.png,7
img046-025.png,j
img056-028.png,t
img005-047.png,4
img039-038.png,c
img011-027.png,A
img043-039.png,g
img040-041.png,d
img022-015.png,L
img054-022.png,r
img031-009.png,U
img027-014.png,Q
img019-049.png,I
img022-028.png,L
img037-013.png,a
img004-028.png,3
img039-041.png,c
img038-045.png,b
img043-032.png,g
img061-036.png,y
img003-031.png,2
img058-025.png,v
img008-007.png,7
img027-024.png,Q
img025-040.png,O
img029-037.png,S
img018-032.png,H
img061-033.png,y
img012-022.png,B
img015-029.png,E
img010-011.png,9
img058-043.png,v
img025-030.png,O
img042-011.png,f
img018-025.png,H
img051-037.png,o
img011-008.png,A
img060-030.png,x
img031-025.png,U
img014-020.png,D
img052-002.png,p
img057-005.png,u
img005-042.png,4
img052-051.png,p
img029-012.png,S
img041-015.png,e
img046-031.png,j
img030-040.png,T
img006-017.png,5
img020-036.png,J
img033-054.png,W
img039-044.png,c
img058-028.png,v
img033-048.png,W
img020-040.png,J
img056-054.png,t
img050-028.png,n
img002-009.png,1
img002-006.png,1
img029-046.png,S
img020-004.png,J
img054-026.png,r
img029-051.png,S
img056-002.png,t
img010-045.png,9
img028-046.png,R
img060-017.png,x
img034-025.png,X
img012-003.png,B
img008-044.png,7
img059-011.png,w
img018-007.png,H
img026-049.png,P
img001-006.png,0
img060-029.png,x
img049-007.png,m
img051-030.png,o
img030-016.png,T
img016-015.png,F
img004-053.png,3
img054-042.png,r
img059-024.png,w
img002-054.png,1
img007-026.png,6
img062-037.png,z
img001-039.png,0
img048-022.png,l
img052-016.png,p
img015-020.png,E
img010-046.png,9
img032-026.png,V
img003-035.png,2
img036-022.png,Z
img037-018.png,a
img053-035.png,q
img045-024.png,i
img028-001.png,R
img038-011.png,b
img029-006.png,S
img062-043.png,z
img043-014.png,g
img055-034.png,s
img053-018.png,q
img005-055.png,4
img005-040.png,4
img048-049.png,l
img052-023.png,p
img012-044.png,B
img020-045.png,J
img056-053.png,t
img018-011.png,H
img006-020.png,5
img040-034.png,d
img055-033.png,s
img038-023.png,b
img011-024.png,A
img047-026.png,k
img048-034.png,l
img056-032.png,t
img001-026.png,0
img047-053.png,k
img001-021.png,0
img029-009.png,S
img014-001.png,D
img039-048.png,c
img015-005.png,E
img035-048.png,Y
img027-026.png,Q
img057-046.png,u
img023-047.png,M
img061-012.png,y
img055-010.png,s
img029-054.png,S
img029-038.png,S
img059-027.png,w
img061-055.png,y
img014-033.png,D
img004-037.png,3
img058-017.png,v
img034-022.png,X
img021-037.png,K
img061-044.png,y
img054-044.png,r
img044-052.png,h
img043-045.png,g
img005-038.png,4
img027-017.png,Q
img017-052.png,G
img015-051.png,E
img025-042.png,O
img051-021.png,o
img036-014.png,Z
img010-025.png,9
img054-052.png,r
img032-036.png,V
img049-054.png,m
img025-035.png,O
img042-026.png,f
img001-029.png,0
img004-027.png,3
img059-053.png,w
img015-019.png,E
img031-055.png,U
img032-031.png,V
img051-001.png,o
img039-051.png,c
img033-008.png,W
img039-031.png,c
img023-022.png,M
img045-002.png,i
img053-022.png,q
img046-049.png,j
img019-037.png,I
img050-047.png,n
img022-042.png,L
img008-020.png,7
img016-024.png,F
img022-004.png,L
img001-001.png,0
img031-036.png,U
img026-006.png,P
img045-054.png,i
img026-008.png,P
img002-002.png,1
img005-032.png,4
img028-045.png,R
img033-020.png,W
img024-051.png,N
img043-021.png,g
img024-030.png,N
img012-030.png,B
img009-036.png,8
img007-038.png,6
img028-003.png,R
img031-040.png,U
img041-054.png,e
img007-009.png,6
img026-030.png,P
img015-054.png,E
img025-034.png,O
img028-016.png,R
img035-011.png,Y
img003-040.png,2
img021-018.png,K
img053-043.png,q
img032-001.png,V
img037-029.png,a
img050-021.png,n
img008-028.png,7
img051-047.png,o
img024-007.png,N
img007-049.png,6
img034-036.png,X
img032-019.png,V
img026-002.png,P
img043-013.png,g
img014-032.png,D
img046-046.png,j
img027-004.png,Q
img045-005.png,i
img041-027.png,e
img037-035.png,a
img035-005.png,Y
img038-001.png,b
img040-019.png,d
img049-051.png,m
img052-054.png,p
img043-020.png,g
img059-025.png,w
img018-016.png,H
img034-045.png,X
img012-004.png,B
img059-035.png,w
img001-015.png,0
img013-054.png,C
img055-029.png,s
img027-021.png,Q
img056-049.png,t
img019-007.png,I
img029-011.png,S
img059-051.png,w
img025-050.png,O
img001-034.png,0
img062-002.png,z
img035-039.png,Y
img048-054.png,l
img036-034.png,Z
img036-054.png,Z
img046-039.png,j
img060-015.png,x
img021-030.png,K
img025-049.png,O
img061-006.png,y
img002-004.png,1
img034-024.png,X
img001-042.png,0
img043-035.png,g
img034-038.png,X
img021-054.png,K
img033-026.png,W
img057-050.png,u
img006-034.png,5
img062-008.png,z
img021-015.png,K
img001-017.png,0
img035-023.png,Y
img032-033.png,V
img026-038.png,P
img036-033.png,Z
img004-024.png,3
img027-011.png,Q
img006-039.png,5
img051-045.png,o
img062-052.png,z
img034-052.png,X
img008-047.png,7
img046-030.png,j
img015-011.png,E
img028-010.png,R
img015-037.png,E
img047-045.png,k
img050-009.png,n
img006-002.png,5
img041-046.png,e
img034-001.png,X
img041-034.png,e
img020-021.png,J
img050-003.png,n
img059-040.png,w
img041-028.png,e
img005-049.png,4
img014-028.png,D
img045-021.png,i
img058-054.png,v
img009-047.png,8
img001-007.png,0
img023-048.png,M
img054-021.png,r
img014-002.png,D
img048-005.png,l
img027-031.png,Q
img017-041.png,G
img047-007.png,k
img036-050.png,Z
img059-005.png,w
img014-042.png,D
img043-005.png,g
img009-031.png,8
img050-019.png,n
img011-020.png,A
img051-038.png,o
img020-012.png,J
img046-041.png,j
img034-043.png,X
img055-001.png,s
img062-053.png,z
img013-045.png,C
img028-020.png,R
img022-001.png,L
img022-019.png,L
img059-041.png,w
img027-016.png,Q
img018-039.png,H
img052-006.png,p
img061-011.png,y
img022-027.png,L
img020-037.png,J
img007-004.png,6
img035-014.png,Y
img059-045.png,w
img035-034.png,Y
img004-022.png,3
img047-019.png,k
img041-005.png,e
img020-022.png,J
img006-021.png,5
img055-023.png,s
img027-001.png,Q
img016-011.png,F
img016-052.png,F
img013-052.png,C
img042-014.png,f
img016-005.png,F
img028-029.png,R
img033-034.png,W
img036-027.png,Z
img017-047.png,G
img023-003.png,M
img005-045.png,4
img010-012.png,9
img028-028.png,R
img041-037.png,e
img009-017.png,8
img021-053.png,K
img027-039.png,Q
img049-012.png,m
img039-033.png,c
img059-017.png,w
img052-041.png,p
img060-035.png,x
img040-030.png,d
img029-008.png,S
img060-012.png,x
img033-051.png,W
img050-042.png,n
img004-025.png,3
img024-005.png,N
img032-038.png,V
img055-019.png,s
img055-015.png,s
img037-019.png,a
img035-035.png,Y
img047-005.png,k
img056-034.png,t
img009-055.png,8
img045-051.png,i
img032-043.png,V
img035-010.png,Y
img043-008.png,g
img013-001.png,C
img032-045.png,V
img004-002.png,3
img035-017.png,Y
img027-029.png,Q
img029-018.png,S
img053-010.png,q
img020-034.png,J
img050-029.png,n
img039-043.png,c
img016-009.png,F
img021-048.png,K
img036-015.png,Z
img042-020.png,f
img026-053.png,P
img045-035.png,i
img059-049.png,w
img055-037.png,s
img044-053.png,h
img061-020.png,y
img022-043.png,L
img022-016.png,L
img013-017.png,C
img013-020.png,C
img006-026.png,5
img044-037.png,h
img012-046.png,B
img020-013.png,J
img020-001.png,J
img047-010.png,k
img062-030.png,z
img050-008.png,n
img011-049.png,A
img054-036.png,r
img018-001.png,H
img058-015.png,v
img017-040.png,G
img045-015.png,i
img043-040.png,g
img029-052.png,S
img054-055.png,r
img059-026.png,w
img012-055.png,B
img060-002.png,x
img045-036.png,i
img060-032.png,x
img049-035.png,m
img038-038.png,b
img001-010.png,0
img013-010.png,C
img032-030.png,V
img059-028.png,w
img020-027.png,J
img019-039.png,I
img062-041.png,z
img015-055.png,E
img007-022.png,6
img051-035.png,o
img003-032.png,2
img021-027.png,K
img010-018.png,9
img024-038.png,N
img013-029.png,C
img026-036.png,P
img058-007.png,v
img015-048.png,E
img038-041.png,b
img031-010.png,U
img008-049.png,7
img019-014.png,I
img007-053.png,6
img026-034.png,P
img041-023.png,e
img053-039.png,q
img028-023.png,R
img027-054.png,Q
img042-006.png,f
img014-007.png,D
img046-015.png,j
img029-045.png,S
img053-033.png,q
img010-052.png,9
img026-005.png,P
img060-044.png,x
img047-011.png,k
img008-055.png,7
img042-043.png,f
img005-051.png,4
img045-008.png,i
img013-005.png,C
img015-035.png,E
img006-044.png,5
img053-052.png,q
img039-032.png,c
img053-016.png,q
img048-015.png,l
img004-029.png,3
img025-018.png,O
img014-050.png,D
img038-021.png,b
img037-002.png,a
img046-040.png,j
img027-005.png,Q
img049-020.png,m
img053-025.png,q
img060-009.png,x
img059-021.png,w
img017-043.png,G
img006-036.png,5
img051-016.png,o
img012-026.png,B
img047-020.png,k
img018-015.png,H
img022-010.png,L
img038-050.png,b
img049-046.png,m
img036-002.png,Z
img038-046.png,b
img032-034.png,V
img025-048.png,O
img052-010.png,p
img029-015.png,S
img046-003.png,j
img059-010.png,w
img050-037.png,n
img058-012.png,v
img039-055.png,c
img058-003.png,v
img022-033.png,L
img023-014.png,M
img039-053.png,c
img015-013.png,E
img026-009.png,P
img038-013.png,b
img003-030.png,2
img051-003.png,o
img019-004.png,I
img038-024.png,b
img048-024.png,l
img009-002.png,8
img017-010.png,G
img026-028.png,P
img009-034.png,8
img041-045.png,e
img039-011.png,c
img061-046.png,y
img035-037.png,Y
img016-012.png,F
img015-027.png,E
img023-008.png,M
img062-045.png,z
img020-048.png,J
img027-038.png,Q
img048-048.png,l
img043-051.png,g
img023-011.png,M
img061-045.png,y
img052-046.png,p
img015-021.png,E
img052-036.png,p
img033-032.png,W
img042-016.png,f
img011-006.png,A
img014-010.png,D
img025-041.png,O
img050-011.png,n
img050-055.png,n
img053-047.png,q
img051-006.png,o
img061-004.png,y
img007-017.png,6
img017-011.png,G
img056-025.png,t
img033-045.png,W
img003-037.png,2
img046-011.png,j
img060-016.png,x
img047-021.png,k
img019-052.png,I
img032-010.png,V
img054-046.png,r
img054-024.png,r
img057-036.png,u
img053-038.png,q
img017-019.png,G
img030-014.png,T
img003-026.png,2
img053-042.png,q
img001-050.png,0
img022-052.png,L
img004-008.png,3
img024-017.png,N
img014-009.png,D
img024-043.png,N
img042-008.png,f
img059-029.png,w
img015-004.png,E
img054-038.png,r
img022-023.png,L
img049-010.png,m
img058-008.png,v
img017-035.png,G
img040-002.png,d
img024-019.png,N
img017-018.png,G
img025-002.png,O
img017-055.png,G
img031-034.png,U
img045-017.png,i
img007-029.png,6
img021-035.png,K
img061-035.png,y
img042-017.png,f
img045-037.png,i
img026-054.png,P
img010-017.png,9
img029-047.png,S
img007-036.png,6
img011-013.png,A
img042-010.png,f
img003-016.png,2
img056-004.png,t
img010-007.png,9
img004-036.png,3
img016-040.png,F
img032-042.png,V
img030-012.png,T
img048-053.png,l
img027-025.png,Q
img010-022.png,9
img013-023.png,C
img003-044.png,2
img058-013.png,v
img020-047.png,J
img054-011.png,r
img032-016.png,V
img049-019.png,m
img007-034.png,6
img011-016.png,A
img021-016.png,K
img042-046.png,f
img007-010.png,6
img045-034.png,i
img024-021.png,N
img039-016.png,c
img001-041.png,0
img034-031.png,X
img038-029.png,b
img023-026.png,M
img054-033.png,r
img062-003.png,z
img039-003.png,c
img033-050.png,W
img021-031.png,K
img052-014.png,p
img034-033.png,X
img062-015.png,z
img041-033.png,e
img001-053.png,0
img046-008.png,j
img040-044.png,d
img017-032.png,G
img002-013.png,1
img056-014.png,t
img019-012.png,I
img010-049.png,9
img027-051.png,Q
img059-054.png,w
img050-015.png,n
img044-029.png,h
img062-040.png,z
img053-013.png,q
img047-044.png,k
img041-029.png,e
img041-047.png,e
img014-039.png,D
img009-051.png,8
img053-004.png,q
img044-002.png,h
img055-021.png,s
img035-026.png,Y
img036-026.png,Z
img023-016.png,M
img012-049.png,B
img042-052.png,f
img053-006.png,q
img005-013.png,4
img001-025.png,0
img046-013.png,j
img029-014.png,S
img008-053.png,7
img060-028.png,x
img040-013.png,d
img045-027.png,i
img029-027.png,S
img011-026.png,A
img035-018.png,Y
img009-018.png,8
img055-031.png,s
img016-023.png,F
img033-015.png,W
img012-027.png,B
img031-004.png,U
img024-029.png,N
img052-003.png,p
img038-043.png,b
img037-003.png,a
img045-006.png,i
img033-003.png,W
img045-010.png,i
img036-028.png,Z
img052-047.png,p
img061-041.png,y
img001-049.png,0
img003-005.png,2
img021-033.png,K
img028-009.png,R
img025-027.png,O
img036-047.png,Z
img038-015.png,b
img042-024.png,f
img010-048.png,9
img050-016.png,n
img011-022.png,A
img058-035.png,v
img014-054.png,D
img034-034.png,X
img041-026.png,e
img057-021.png,u
img055-048.png,s
img039-008.png,c
img028-021.png,R
img048-027.png,l
img009-043.png,8
img006-052.png,5
img039-006.png,c
img050-014.png,n
img043-029.png,g
img054-037.png,r
img056-015.png,t
img004-032.png,3
img059-037.png,w
img013-051.png,C
img024-011.png,N
img016-034.png,F
img032-013.png,V
img009-001.png,8
img040-023.png,d
img012-032.png,B
img012-005.png,B
img052-020.png,p
img018-051.png,H
img032-002.png,V
img025-025.png,O
img045-041.png,i
img046-054.png,j
img059-033.png,w
img040-011.png,d
img039-026.png,c
img052-012.png,p
img060-031.png,x
img036-049.png,Z
img006-029.png,5
img012-053.png,B
img053-012.png,q
img032-027.png,V
img004-040.png,3
img025-037.png,O
img002-045.png,1
img034-042.png,X
img051-005.png,o
img055-039.png,s
img014-012.png,D
img032-035.png,V
img054-041.png,r
img028-018.png,R
img054-043.png,r
img030-009.png,T
img042-032.png,f
img042-033.png,f
img002-048.png,1
img025-021.png,O
img018-002.png,H
img031-039.png,U
img048-028.png,l
img043-025.png,g
img060-055.png,x
img021-044.png,K
img025-024.png,O
img018-047.png,H
img057-009.png,u
img058-037.png,v
img037-025.png,a
img030-008.png,T
img041-018.png,e
img052-050.png,p
img037-034.png,a
img045-001.png,i
img026-010.png,P
img046-023.png,j
img005-030.png,4
img034-006.png,X
img013-027.png,C
img037-032.png,a
img010-031.png,9
img001-031.png,0
img042-015.png,f
img049-029.png,m
img035-021.png,Y
img013-047.png,C
img035-022.png,Y
img020-051.png,J
img060-053.png,x
img040-031.png,d
img006-007.png,5
img001-051.png,0
img023-040.png,M
img047-033.png,k
img059-046.png,w
img048-009.png,l
img001-054.png,0
img043-007.png,g
img043-046.png,g
img056-022.png,t
img036-016.png,Z
img026-019.png,P
img008-038.png,7
img017-033.png,G
img025-043.png,O
img028-025.png,R
img010-033.png,9
img022-009.png,L
img014-049.png,D
img049-027.png,m
img038-007.png,b
img017-037.png,G
img037-010.png,a
img008-054.png,7
img033-049.png,W
img044-043.png,h
img024-052.png,N
img021-046.png,K
img040-010.png,d
img030-044.png,T
img012-047.png,B
img043-036.png,g
img062-026.png,z
img031-053.png,U
img052-032.png,p
img034-018.png,X
img033-014.png,W
img036-045.png,Z
img011-032.png,A
img053-023.png,q
img004-020.png,3
img059-050.png,w
img011-019.png,A
img051-029.png,o
img035-008.png,Y
img036-030.png,Z
img027-036.png,Q
img056-016.png,t
img028-017.png,R
img056-042.png,t
img014-055.png,D
img003-004.png,2
img021-036.png,K
img033-007.png,W
img059-048.png,w
img024-004.png,N
img011-001.png,A
img051-027.png,o
img023-024.png,M
img001-009.png,0
img056-013.png,t
img031-054.png,U
img020-014.png,J
img054-006.png,r
img030-001.png,T
img038-055.png,b
img007-011.png,6
img042-028.png,f
img026-017.png,P
img006-054.png,5
img034-028.png,X
img009-019.png,8
img048-033.png,l
img027-007.png,Q
img011-040.png,A
img004-033.png,3
img052-024.png,p
img052-052.png,p
img005-007.png,4
img039-022.png,c
img060-023.png,x
img050-052.png,n
img062-011.png,z
img041-055.png,e
img045-031.png,i
img035-019.png,Y
img056-051.png,t
img044-045.png,h
img018-037.png,H
img051-053.png,o
img059-013.png,w
img021-010.png,K
img029-044.png,S
img034-009.png,X
img020-002.png,J
img050-043.png,n
img018-027.png,H
img052-022.png,p
img049-013.png,m
img042-004.png,f
img031-029.png,U
img044-030.png,h
img023-049.png,M
img049-036.png,m
img001-048.png,0
img029-035.png,S
img053-048.png,q
img049-041.png,m
img055-051.png,s
img040-033.png,d
img018-003.png,H
img034-032.png,X
img005-004.png,4
img005-029.png,4
img026-015.png,P
img047-029.png,k
img011-004.png,A
img036-043.png,Z
img047-018.png,k
img057-054.png,u
img009-033.png,8
img045-023.png,i
img005-006.png,4
img056-041.png,t
img009-040.png,8
img044-006.png,h
img044-046.png,h
img036-046.png,Z
img033-036.png,W
img008-018.png,7
img035-044.png,Y
img056-052.png,t
img030-010.png,T
img007-047.png,6
img055-046.png,s
img054-001.png,r
img013-025.png,C
img053-050.png,q
img017-027.png,G
img038-005.png,b
img008-040.png,7
img009-029.png,8
img012-038.png,B
img040-043.png,d
img021-039.png,K
img058-002.png,v
img038-035.png,b
img006-025.png,5
img048-004.png,l
img057-012.png,u
img019-031.png,I
img062-022.png,z
img031-027.png,U
img059-012.png,w
img031-019.png,U
img039-050.png,c
img007-039.png,6
img034-030.png,X
img056-048.png,t
img045-045.png,i
img046-036.png,j
img057-030.png,u
img029-021.png,S
img050-005.png,n
img046-048.png,j
img044-001.png,h
img025-029.png,O
img009-026.png,8
img024-042.png,N
img017-048.png,G
img004-013.png,3
img035-055.png,Y
img010-055.png,9
img010-008.png,9
img053-003.png,q
img041-038.png,e
img057-048.png,u
img023-050.png,M
img032-025.png,V
img016-007.png,F
img041-035.png,e
img002-051.png,1
img044-047.png,h
img060-027.png,x
img038-018.png,b
img058-032.png,v
img056-055.png,t
img061-027.png,y
img034-029.png,X
img044-004.png,h
img048-043.png,l
img001-019.png,0
img026-046.png,P
img050-038.png,n
img009-003.png,8
img055-049.png,s
img048-051.png,l
img030-043.png,T
img009-020.png,8
img052-045.png,p
img023-030.png,M
img039-012.png,c
img036-001.png,Z
img001-047.png,0
img013-041.png,C
img011-002.png,A
img042-021.png,f
img017-034.png,G
img042-045.png,f
img038-052.png,b
img031-008.png,U
img034-016.png,X
img008-023.png,7
img055-035.png,s
img052-021.png,p
img051-014.png,o
img039-020.png,c
img002-039.png,1
img006-011.png,5
img010-016.png,9
img056-038.png,t
img049-003.png,m
img041-043.png,e
img036-048.png,Z
img056-050.png,t
img046-006.png,j
img045-033.png,i
img054-050.png,r
img022-017.png,L
img045-046.png,i
img036-032.png,Z
img060-025.png,x
img023-055.png,M
img036-052.png,Z
img019-020.png,I
img006-030.png,5
img034-011.png,X
img022-047.png,L
img011-053.png,A
img023-051.png,M
img031-020.png,U
img024-022.png,N
img027-027.png,Q
img044-039.png,h
img026-037.png,P
img033-039.png,W
img002-016.png,1
img021-004.png,K
img047-054.png,k
img023-044.png,M
img039-045.png,c
img050-017.png,n
img057-003.png,u
img024-002.png,N
img008-003.png,7
img034-008.png,X
img012-021.png,B
img037-050.png,a
img022-026.png,L
img062-021.png,z
img027-042.png,Q
img008-030.png,7
img014-036.png,D
img032-052.png,V
img030-004.png,T
img044-027.png,h
img050-040.png,n
img049-040.png,m
img025-053.png,O
img048-029.png,l
img040-028.png,d
img051-048.png,o
img030-046.png,T
img012-009.png,B
img042-012.png,f
img026-014.png,P
img026-047.png,P
img023-037.png,M
img055-012.png,s
img057-028.png,u
img031-018.png,U
img041-049.png,e
img014-034.png,D
img025-015.png,O
img001-037.png,0
img014-051.png,D
img030-020.png,T
img002-021.png,1
img060-052.png,x
img022-036.png,L
img033-035.png,W
img043-052.png,g
img042-018.png,f
img003-039.png,2
img019-006.png,I
img004-051.png,3
img011-048.png,A
img003-053.png,2
img054-054.png,r
img048-014.png,l
img025-007.png,O
img038-053.png,b
img003-024.png,2
img062-048.png,z
img030-017.png,T
img046-017.png,j
img040-039.png,d
img002-040.png,1
img040-037.png,d
img046-019.png,j
img010-019.png,9
img004-054.png,3
img010-027.png,9
img009-015.png,8
img057-024.png,u
img004-048.png,3
img039-013.png,c
img049-018.png,m
img016-028.png,F
img047-051.png,k
img061-032.png,y
img051-046.png,o
img013-038.png,C
img029-010.png,S
img041-032.png,e
img053-002.png,q
img012-008.png,B
img042-053.png,f
img025-013.png,O
img019-034.png,I
img014-004.png,D
img002-055.png,1
img042-042.png,f
img038-036.png,b
img032-020.png,V
img052-037.png,p
img026-035.png,P
img001-046.png,0
img044-028.png,h
img042-007.png,f
img008-009.png,7
img042-044.png,f
img037-041.png,a
img013-042.png,C
img021-042.png,K
img016-055.png,F
img046-024.png,j
img026-016.png,P
img005-026.png,4
img005-022.png,4
img051-007.png,o
img030-032.png,T
img021-007.png,K
img011-055.png,A
img011-051.png,A
img050-006.png,n
img008-035.png,7
img020-044.png,J
img029-049.png,S
img035-009.png,Y
img022-044.png,L
img038-026.png,b
img002-030.png,1
img046-005.png,j
img030-019.png,T
img006-051.png,5
img062-006.png,z
img053-005.png,q
img004-021.png,3
img025-033.png,O
img042-030.png,f
img036-004.png,Z
img035-043.png,Y
img051-051.png,o
img027-055.png,Q
img047-041.png,k
img062-054.png,z
img029-041.png,S
img016-016.png,F
img053-054.png,q
img015-036.png,E
img050-007.png,n
img053-014.png,q
img019-029.png,I
img014-037.png,D
img049-032.png,m
img045-030.png,i
img040-027.png,d
img029-003.png,S
img011-030.png,A
img028-038.png,R
img041-044.png,e
img035-015.png,Y
img041-004.png,e
img029-040.png,S
img061-054.png,y
img008-033.png,7
img028-031.png,R
img050-044.png,n
img042-050.png,f
img037-001.png,a
img057-001.png,u
img035-013.png,Y
img018-052.png,H
img058-034.png,v
img059-003.png,w
img038-010.png,b
img028-042.png,R
img024-006.png,N
img049-048.png,m
img008-039.png,7
img011-041.png,A
img033-037.png,W
img061-039.png,y
img008-016.png,7
img050-046.png,n
img033-044.png,W
img032-007.png,V
img003-036.png,2
img056-021.png,t
img010-002.png,9
img048-041.png,l
img061-007.png,y
img054-031.png,r
img020-030.png,J
img051-009.png,o
img037-043.png,a
img034-017.png,X
img005-050.png,4
img058-026.png,v
img008-052.png,7
img054-048.png,r
img035-002.png,Y
img057-022.png,u
img024-035.png,N
img044-009.png,h
img050-053.png,n
img038-009.png,b
img030-031.png,T
img006-042.png,5
img012-011.png,B
img037-024.png,a
img020-049.png,J
img021-008.png,K
img048-036.png,l
img010-009.png,9
img050-026.png,n
img011-050.png,A
img003-008.png,2
img028-037.png,R
img056-047.png,t
img038-019.png,b
img012-024.png,B
img060-019.png,x
img057-029.png,u
img014-019.png,D
img015-015.png,E
img044-055.png,h
img052-001.png,p
img001-052.png,0
img027-028.png,Q
img036-042.png,Z
img026-024.png,P
img033-013.png,W
img052-027.png,p
img033-009.png,W
img044-048.png,h
img054-004.png,r
img002-041.png,1
img037-042.png,a
img014-053.png,D
img051-015.png,o
img016-048.png,F
img008-008.png,7
img017-021.png,G
img004-046.png,3
img048-037.png,l
img007-018.png,6
img048-032.png,l
img046-010.png,j
img021-050.png,K
img047-028.png,k
img062-018.png,z
img051-019.png,o
img035-050.png,Y
img005-043.png,4
img060-006.png,x
img043-033.png,g
img010-050.png,9
img014-021.png,D
img005-010.png,4
img057-020.png,u
img033-042.png,W
img022-018.png,L
img014-029.png,D
img040-026.png,d
img037-038.png,a
img058-050.png,v
img043-053.png,g
img062-025.png,z
img040-040.png,d
img036-011.png,Z
img028-022.png,R
img049-011.png,m
img016-045.png,F
img039-004.png,c
img023-019.png,M
img047-014.png,k
img045-019.png,i
img054-010.png,r
img001-020.png,0
img038-037.png,b
img004-016.png,3
img016-006.png,F
img007-027.png,6
img008-036.png,7
img057-045.png,u
img018-030.png,H
img031-014.png,U
img036-023.png,Z
img025-017.png,O
img019-032.png,I
img021-001.png,K
img042-034.png,f
img048-035.png,l
img007-044.png,6
img016-038.png,F
img048-002.png,l
img006-024.png,5
img022-005.png,L
img020-026.png,J
img042-019.png,f
img018-012.png,H
img053-031.png,q
img031-022.png,U
img027-045.png,Q
img017-039.png,G
img018-054.png,H
img029-020.png,S
img057-035.png,u
img018-045.png,H
img026-050.png,P
img022-034.png,L
img003-025.png,2
img026-043.png,P
img030-033.png,T
img046-027.png,j
img007-045.png,6
img028-047.png,R
img038-054.png,b
img040-007.png,d
img062-047.png,z
img008-021.png,7
img012-018.png,B
img054-008.png,r
img050-050.png,n
img050-027.png,n
img013-030.png,C
img060-047.png,x
img053-046.png,q
img040-001.png,d
img020-055.png,J
img019-053.png,I
img017-036.png,G
img018-050.png,H
img030-053.png,T
img004-003.png,3
img028-011.png,R
img002-008.png,1
img026-032.png,P
img055-008.png,s
img018-041.png,H
img054-053.png,r
img023-006.png,M
img056-009.png,t
img044-015.png,h
img050-020.png,n
img002-028.png,1
img028-027.png,R
img058-018.png,v
img020-003.png,J
img045-038.png,i
img060-040.png,x
img041-050.png,e
img046-009.png,j
img039-009.png,c
img032-012.png,V
img046-020.png,j
img031-030.png,U
img047-015.png,k
img019-036.png,I
img019-019.png,I
img037-054.png,a
img039-021.png,c
img012-023.png,B
img059-055.png,w
img053-030.png,q
img018-004.png,H
img010-024.png,9
img044-022.png,h
img020-053.png,J
img046-045.png,j
img055-011.png,s
img017-038.png,G
img042-005.png,f
img039-029.png,c
img061-040.png,y
img042-025.png,f
img050-054.png,n
img046-044.png,j
img037-026.png,a
img004-018.png,3
img001-003.png,0
img010-015.png,9
img038-027.png,b
img023-042.png,M
img054-023.png,r
img030-015.png,T
img049-008.png,m
img062-020.png,z
img039-042.png,c
img055-024.png,s
img043-006.png,g
img024-015.png,N
img038-016.png,b
img023-034.png,M
img010-034.png,9
img028-052.png,R
img002-018.png,1
img058-038.png,v
img047-006.png,k
img026-004.png,P
img017-016.png,G
img017-004.png,G
img033-053.png,W
img057-044.png,u
img050-004.png,n
img054-015.png,r
img035-029.png,Y
img038-048.png,b
img061-022.png,y
img020-043.png,J
img041-042.png,e
img003-009.png,2
img039-040.png,c
img044-033.png,h
img020-020.png,J
img026-039.png,P
img060-036.png,x
img017-006.png,G
img011-031.png,A
img005-033.png,4
img005-046.png,4
img034-053.png,X
img015-028.png,E
img060-014.png,x
img043-049.png,g
img027-002.png,Q
img035-049.png,Y
img046-050.png,j
img043-010.png,g
img006-041.png,5
img030-034.png,T
img060-004.png,x
img040-046.png,d
img041-025.png,e
img044-018.png,h
img030-041.png,T
img017-009.png,G
img013-035.png,C
img057-053.png,u
img015-039.png,E
img007-013.png,6
img006-050.png,5
img006-046.png,5
img001-028.png,0
img002-042.png,1
img052-011.png,p
img025-011.png,O
img022-054.png,L
img004-044.png,3
img026-003.png,P
img013-013.png,C
img031-043.png,U
img062-038.png,z
img003-027.png,2
img010-038.png,9
img015-047.png,E
img038-004.png,b
img010-051.png,9
img038-049.png,b
img011-052.png,A
img009-009.png,8
img012-031.png,B
img003-050.png,2
img038-003.png,b
img058-006.png,v
img029-048.png,S
img027-018.png,Q
img043-011.png,g
img059-030.png,w
img044-049.png,h
img030-047.png,T
img029-042.png,S
img041-012.png,e
img037-004.png,a
img009-038.png,8
img002-050.png,1
img056-012.png,t
img047-049.png,k
img036-038.png,Z
img023-031.png,M
img023-018.png,M
img024-037.png,N
img010-054.png,9
img007-002.png,6
img048-019.png,l
img052-019.png,p
img002-023.png,1
img054-051.png,r
img001-044.png,0
img015-024.png,E
img046-007.png,j
img012-013.png,B
img060-037.png,x
img016-020.png,F
img018-033.png,H
img021-032.png,K
img056-008.png,t
img024-027.png,N
img054-027.png,r
img014-052.png,D
img014-043.png,D
img011-021.png,A
img003-013.png,2
img051-036.png,o
img054-018.png,r
img044-034.png,h
img015-049.png,E
img061-015.png,y
img048-038.png,l
img058-014.png,v
img060-041.png,x
img027-050.png,Q
img023-045.png,M
img015-023.png,E
img057-040.png,u
img016-003.png,F
img026-025.png,P
img025-047.png,O
img047-012.png,k
img011-047.png,A
img013-024.png,C
img043-042.png,g
img044-040.png,h
img030-026.png,T
img005-020.png,4
img052-013.png,p
img015-014.png,E
img045-050.png,i
img006-009.png,5
img034-035.png,X
img007-052.png,6
img047-047.png,k
img027-006.png,Q
img020-032.png,J
img015-003.png,E
img046-035.png,j
img035-012.png,Y
img007-008.png,6
img027-044.png,Q
img012-043.png,B
img015-012.png,E
img019-054.png,I
img018-014.png,H
img054-013.png,r
img052-004.png,p
img022-013.png,L
img031-047.png,U
img022-011.png,L
img056-035.png,t
img058-039.png,v
img049-015.png,m
img025-004.png,O
img040-012.png,d
img044-021.png,h
img034-044.png,X
img056-018.png,t
img028-024.png,R
img056-024.png,t
img034-002.png,X
img030-028.png,T
img015-007.png,E
img002-038.png,1
img009-013.png,8
img005-009.png,4
img006-037.png,5
img028-040.png,R
img044-011.png,h
img038-025.png,b
img043-030.png,g
img052-030.png,p
img025-020.png,O
img008-006.png,7
img023-007.png,M
img045-052.png,i
img043-055.png,g
img046-055.png,j
img058-031.png,v
img003-043.png,2
img033-028.png,W
img060-010.png,x
img011-039.png,A
img016-022.png,F
img060-013.png,x
img055-027.png,s
img002-029.png,1
img007-046.png,6
img051-025.png,o
img039-015.png,c
img019-042.png,I
img022-030.png,L
img036-021.png,Z
img051-054.png,o
img036-029.png,Z
img031-007.png,U
img059-018.png,w
img038-040.png,b
img015-016.png,E
img020-054.png,J
img009-021.png,8
img005-028.png,4
img008-002.png,7
img003-011.png,2
img023-005.png,M
img034-047.png,X
img030-042.png,T
img040-053.png,d
img053-034.png,q
img021-055.png,K
img029-026.png,S
img049-052.png,m
img037-028.png,a
img032-003.png,V
img053-029.png,q
img043-019.png,g
img020-033.png,J
img045-053.png,i
img008-015.png,7
img047-036.png,k
img031-001.png,U
img028-005.png,R
img054-035.png,r
img051-042.png,o
img011-054.png,A
img026-027.png,P
img038-039.png,b
img024-049.png,N
img048-016.png,l
img037-015.png,a
img003-001.png,2
img032-005.png,V
img043-004.png,g
img014-038.png,D
img021-012.png,K
img056-007.png,t
img041-006.png,e
img039-028.png,c
img048-021.png,l
img021-049.png,K
img009-022.png,8
img010-026.png,9
img005-044.png,4
img031-046.png,U
img057-010.png,u
img014-041.png,D
img013-036.png,C
img007-031.png,6
img034-010.png,X
img059-019.png,w
img024-046.png,N
img055-028.png,s
img030-048.png,T
img016-035.png,F
img013-046.png,C
img049-004.png,m
img038-006.png,b
img053-008.png,q
img007-003.png,6
img027-048.png,Q
img054-025.png,r
img062-034.png,z
img033-043.png,W
img055-030.png,s
img056-044.png,t
img019-008.png,I
img031-031.png,U
img052-015.png,p
img003-023.png,2
img024-020.png,N
img012-045.png,B
img040-024.png,d
img013-031.png,C
img026-020.png,P
img024-044.png,N
img040-006.png,d
img017-054.png,G
img031-005.png,U
img003-007.png,2
img002-043.png,1
img060-050.png,x
img049-017.png,m
img040-052.png,d
img059-052.png,w
img030-045.png,T
img005-041.png,4
img049-043.png,m
img016-018.png,F
img009-037.png,8
img023-053.png,M
img033-001.png,W
img057-041.png,u
img061-023.png,y
img016-030.png,F
img062-044.png,z
img040-051.png,d
img008-017.png,7
img015-042.png,E
img025-054.png,O
img016-032.png,F
img060-046.png,x
img003-012.png,2
img058-042.png,v
img042-035.png,f
img009-046.png,8
img046-032.png,j
img017-031.png,G
img056-023.png,t
img006-015.png,5
img037-021.png,a
img022-045.png,L
img008-001.png,7
img060-045.png,x
img044-008.png,h
img062-014.png,z
img032-017.png,V
img037-049.png,a
img042-009.png,f
img024-031.png,N
img019-055.png,I
img028-006.png,R
img049-045.png,m
img013-009.png,C
img005-031.png,4
img019-013.png,I
img026-007.png,P
img002-033.png,1
img041-041.png,e
img052-043.png,p
img053-051.png,q
img036-036.png,Z
img048-003.png,l
img036-024.png,Z
img052-053.png,p
img041-024.png,e
img061-001.png,y
img020-015.png,J
img026-022.png,P
img011-014.png,A
img019-023.png,I
img035-004.png,Y
img059-004.png,w
img020-024.png,J
img037-055.png,a
img016-029.png,F
img047-042.png,k
img030-037.png,T
img037-023.png,a
img045-009.png,i
img055-014.png,s
img037-012.png,a
img015-017.png,E
img056-040.png,t
img004-034.png,3
img011-025.png,A
img030-027.png,T
img049-021.png,m
img030-049.png,T
img030-029.png,T
img060-021.png,x
img057-038.png,u
img033-040.png,W
img013-015.png,C
img024-055.png,N
img045-018.png,i
img019-027.png,I
img015-038.png,E
img045-004.png,i
img051-010.png,o
img010-041.png,9
img023-015.png,M
img034-050.png,X
img047-008.png,k
img003-046.png,2
img018-028.png,H
img047-004.png,k
img061-028.png,y
img039-030.png,c
img043-001.png,g
img030-024.png,T
img009-008.png,8
img019-033.png,I
img058-055.png,v
img051-028.png,o
img006-028.png,5
img015-041.png,E
img013-050.png,C
img057-016.png,u
img009-025.png,8
img027-035.png,Q
img009-027.png,8
img040-035.png,d
img057-007.png,u
img019-005.png,I
img048-046.png,l
img025-051.png,O
img062-055.png,z
img024-025.png,N
img008-043.png,7
img040-003.png,d
img032-014.png,V
img046-021.png,j
img022-006.png,L
img023-023.png,M
img031-002.png,U
img005-008.png,4
img057-052.png,u
img056-033.png,t
img034-005.png,X
img033-012.png,W
img029-030.png,S
img012-054.png,B
img032-018.png,V
img011-038.png,A
img009-049.png,8
img007-001.png,6
img001-013.png,0
img007-014.png,6
img047-031.png,k
img041-048.png,e
img010-001.png,9
img049-033.png,m
img045-032.png,i
img046-033.png,j
img044-014.png,h
img002-005.png,1
img014-013.png,D
img049-006.png,m
img053-044.png,q
img037-005.png,a
img047-027.png,k
img033-018.png,W
img012-028.png,B
img019-018.png,I
img007-042.png,6
img039-034.png,c
img052-025.png,p
img022-040.png,L
img022-055.png,L
img037-014.png,a
img055-025.png,s
img031-052.png,U
img060-026.png,x
img035-030.png,Y
img012-052.png,B
img041-007.png,e
img044-005.png,h
img038-047.png,b
img024-003.png,N
img019-010.png,I
img002-037.png,1
img011-044.png,A
img003-052.png,2
img012-039.png,B
img005-016.png,4
img059-001.png,w
img048-008.png,l
img061-017.png,y
img042-040.png,f
img024-045.png,N
img037-046.png,a
img055-017.png,s
img035-016.png,Y
img004-039.png,3
img028-007.png,R
img039-039.png,c
img029-007.png,S
img029-034.png,S
img057-011.png,u
img060-003.png,x
img041-040.png,e
img017-005.png,G
img029-005.png,S
img002-035.png,1
img044-041.png,h
img048-030.png,l
img031-017.png,U
img037-017.png,a
img038-044.png,b
img014-045.png,D
img016-019.png,F
img047-009.png,k
img021-006.png,K
img012-041.png,B
img061-024.png,y
img018-038.png,H
img053-020.png,q
img033-055.png,W
img032-041.png,V
img021-025.png,K
img033-017.png,W
img006-040.png,5
img034-015.png,X
img015-001.png,E
img003-017.png,2
img012-010.png,B
img041-021.png,e
img017-046.png,G
img014-017.png,D
img062-005.png,z
img034-027.png,X
img057-008.png,u
img059-007.png,w
img061-002.png,y
img033-041.png,W
img007-012.png,6
img044-003.png,h
img022-031.png,L
img009-039.png,8
img007-016.png,6
img006-012.png,5
img027-040.png,Q
img048-050.png,l
img019-001.png,I
img033-025.png,W
img056-010.png,t
img015-050.png,E
img043-048.png,g
img032-054.png,V
img040-009.png,d
img011-007.png,A
img032-022.png,V
img015-008.png,E
img024-016.png,N
img035-024.png,Y
img018-018.png,H
img001-030.png,0
img056-027.png,t
img040-032.png,d
img029-043.png,S
img057-032.png,u
img060-048.png,x
img023-033.png,M
img054-012.png,r
img014-048.png,D
img044-016.png,h
img013-011.png,C
img022-022.png,L
img043-022.png,g
img025-006.png,O
img019-038.png,I
img061-043.png,y
img006-014.png,5
img062-050.png,z
img008-022.png,7
img022-053.png,L
img045-042.png,i
img034-026.png,X
img046-002.png,j
img003-045.png,2
img022-049.png,L
img003-041.png,2
img057-026.png,u
img035-040.png,Y
img055-044.png,s
img062-033.png,z
img014-027.png,D
img019-015.png,I
img009-006.png,8
img033-010.png,W
img057-023.png,u
img048-023.png,l
img015-045.png,E
img001-008.png,0
img031-045.png,U
img002-019.png,1
img022-039.png,L
img016-004.png,F
img054-005.png,r
img046-014.png,j
img035-053.png,Y
img002-032.png,1
img050-024.png,n
img039-037.png,c
img004-023.png,3
img006-005.png,5
img031-035.png,U
img020-038.png,J
img028-034.png,R
img026-048.png,P
img016-001.png,F
img057-006.png,u
img055-040.png,s
img029-028.png,S
img045-020.png,i
img032-011.png,V
img036-039.png,Z
img059-016.png,w
img020-016.png,J
img040-038.png,d
img037-036.png,a
img061-052.png,y
img025-026.png,O
img057-033.png,u
img024-018.png,N
img036-031.png,Z
img058-033.png,v
img042-037.png,f
img058-024.png,v
img049-030.png,m
img037-022.png,a
img010-037.png,9
img005-035.png,4
img019-045.png,I
img058-004.png,v
img022-051.png,L
img049-055.png,m
img010-053.png,9
img061-030.png,y
img009-048.png,8
img005-017.png,4
img060-005.png,x
img010-042.png,9
img013-034.png,C
img021-043.png,K
img019-048.png,I
img025-038.png,O
img054-003.png,r
img014-035.png,D
img009-042.png,8
img004-041.png,3
img005-021.png,4
img058-048.png,v
img010-040.png,9
img053-027.png,q
img030-013.png,T
img037-040.png,a
img025-046.png,O
img031-042.png,U
img017-012.png,G
img003-054.png,2
img019-009.png,I
img002-012.png,1
img014-014.png,D
img061-021.png,y
img049-026.png,m
img061-005.png,y
img027-053.png,Q
img051-039.png,o
img036-035.png,Z
img051-004.png,o
img036-008.png,Z
img050-031.png,n
img020-006.png,J
img050-039.png,n
img008-026.png,7
img012-040.png,B
img032-008.png,V
img031-028.png,U
img037-051.png,a
img018-008.png,H
img016-036.png,F
img010-021.png,9
img023-017.png,M
img061-048.png,y
img002-025.png,1
img058-040.png,v
img031-016.png,U
img016-013.png,F
img061-026.png,y
img012-050.png,B
img025-022.png,O
img021-017.png,K
img035-046.png,Y
img024-048.png,N
img014-026.png,D
img037-008.png,a
img034-019.png,X
img001-032.png,0
img035-031.png,Y
img005-036.png,4
img032-039.png,V
img027-046.png,Q
img046-042.png,j
img027-034.png,Q
